First Name;Last Name;Bate Of Birth;House Number;City;Country;PIN;Sr No
User1;User2;1/2/1984;2005;Amstelveen;Netherlands;15487EV;1
User2;User3;2/2/1984;2006;Amstelveen;USA;15483EV;2
User3;User4;3/2/1984;2007;Amstelveen;India;12345;3
User4;User5;4/2/1984;2008;Amstelveen;Netherlands;6754;4
User5;User6;5/2/1984;2009;Amstelveen;USA;675TG;5
User6;User7;6/2/1984;2010;Amstelveen;India;AQSE34234;6
User7;User8;7/2/1984;2011;Amstelveen;Netherlands;12986;7
User8;User9;8/2/1984;2012;Amstelveen;USA;DRF343;8
User9;User10;9/2/1984;2013;Amstelveen;India;123456;9
User10;User11;10/2/1984;2014;Amstelveen;UK;AWSED175;10